CREATE DATABASE  IF NOT EXISTS `supermercado` /*!40100 DEFAULT CHARACTER SET utf8mb4 COLLATE utf8mb4_general_ci */ /*!80016 DEFAULT ENCRYPTION='N' */;
USE `supermercado`;
-- MySQL dump 10.13  Distrib 8.0.22, for Win64 (x86_64)
--
-- Host: localhost    Database: supermercado
-- ------------------------------------------------------
-- Server version	8.0.22

/*!40101 SET @OLD_CHARACTER_SET_CLIENT=@@CHARACTER_SET_CLIENT */;
/*!40101 SET @OLD_CHARACTER_SET_RESULTS=@@CHARACTER_SET_RESULTS */;
/*!40101 SET @OLD_COLLATION_CONNECTION=@@COLLATION_CONNECTION */;
/*!50503 SET NAMES utf8 */;
/*!40103 SET @OLD_TIME_ZONE=@@TIME_ZONE */;
/*!40103 SET TIME_ZONE='+00:00' */;
/*!40014 SET @OLD_UNIQUE_CHECKS=@@UNIQUE_CHECKS, UNIQUE_CHECKS=0 */;
/*!40014 SET @OLD_FOREIGN_KEY_CHECKS=@@FOREIGN_KEY_CHECKS, FOREIGN_KEY_CHECKS=0 */;
/*!40101 SET @OLD_SQL_MODE=@@SQL_MODE, SQL_MODE='NO_AUTO_VALUE_ON_ZERO' */;
/*!40111 SET @OLD_SQL_NOTES=@@SQL_NOTES, SQL_NOTES=0 */;

--
-- Table structure for table `clientes`
--

DROP TABLE IF EXISTS `clientes`;
/*!40101 SET @saved_cs_client     = @@character_set_client */;
/*!50503 SET character_set_client = utf8mb4 */;
CREATE TABLE `clientes` (
  `id` bigint NOT NULL AUTO_INCREMENT,
  `nombre` varchar(45) COLLATE utf8mb4_general_ci NOT NULL,
  `apellidos` varchar(100) COLLATE utf8mb4_general_ci DEFAULT NULL,
  `cif` char(9) COLLATE utf8mb4_general_ci NOT NULL,
  `fecha_nacimiento` date DEFAULT NULL,
  PRIMARY KEY (`id`)
) ENGINE=InnoDB AUTO_INCREMENT=7 DEFAULT CHARSET=utf8mb4 COLLATE=utf8mb4_general_ci;
/*!40101 SET character_set_client = @saved_cs_client */;

--
-- Dumping data for table `clientes`
--

LOCK TABLES `clientes` WRITE;
/*!40000 ALTER TABLE `clientes` DISABLE KEYS */;
INSERT INTO `clientes` VALUES (1,'Javier','Lete','12345678Z','1990-01-01'),(2,'Pepe','Pérez','87654321A','1992-02-02'),(5,'Yepa','Yepez','13243546G','1993-03-03'),(6,'Juan','Juanes','12345679S','1994-04-04');
/*!40000 ALTER TABLE `clientes` ENABLE KEYS */;
UNLOCK TABLES;
/*!50003 SET @saved_cs_client      = @@character_set_client */ ;
/*!50003 SET @saved_cs_results     = @@character_set_results */ ;
/*!50003 SET @saved_col_connection = @@collation_connection */ ;
/*!50003 SET character_set_client  = utf8mb4 */ ;
/*!50003 SET character_set_results = utf8mb4 */ ;
/*!50003 SET collation_connection  = utf8mb4_0900_ai_ci */ ;
/*!50003 SET @saved_sql_mode       = @@sql_mode */ ;
/*!50003 SET sql_mode              = 'ONLY_FULL_GROUP_BY,STRICT_TRANS_TABLES,NO_ZERO_IN_DATE,NO_ZERO_DATE,ERROR_FOR_DIVISION_BY_ZERO,NO_ENGINE_SUBSTITUTION' */ ;
DELIMITER ;;
/*!50003 CREATE*/ /*!50017 DEFINER=`root`@`localhost`*/ /*!50003 TRIGGER `clientes_AFTER_INSERT` AFTER INSERT ON `clientes` FOR EACH ROW BEGIN
	INSERT INTO historicos (tabla, mensaje) VALUES ('clientes', CONCAT('Nuevo cliente: ', NEW.nombre, ' ', NEW.apellidos));
END */;;
DELIMITER ;
/*!50003 SET sql_mode              = @saved_sql_mode */ ;
/*!50003 SET character_set_client  = @saved_cs_client */ ;
/*!50003 SET character_set_results = @saved_cs_results */ ;
/*!50003 SET collation_connection  = @saved_col_connection */ ;

--
-- Table structure for table `departamentos`
--

DROP TABLE IF EXISTS `departamentos`;
/*!40101 SET @saved_cs_client     = @@character_set_client */;
/*!50503 SET character_set_client = utf8mb4 */;
CREATE TABLE `departamentos` (
  `id` int NOT NULL AUTO_INCREMENT,
  `nombre` varchar(45) CHARACTER SET utf8mb4 COLLATE utf8mb4_0900_ai_ci NOT NULL,
  `descripcion` text CHARACTER SET utf8mb4 COLLATE utf8mb4_0900_ai_ci,
  PRIMARY KEY (`id`)
) ENGINE=InnoDB AUTO_INCREMENT=9 DEFAULT CHARSET=utf8mb4 COLLATE=utf8mb4_general_ci;
/*!40101 SET character_set_client = @saved_cs_client */;

--
-- Dumping data for table `departamentos`
--

LOCK TABLES `departamentos` WRITE;
/*!40000 ALTER TABLE `departamentos` DISABLE KEYS */;
INSERT INTO `departamentos` VALUES (1,'Verduras',NULL),(2,'Lácteos',NULL),(3,'Congelados',NULL),(4,'Electrónica',NULL),(5,'Navidad',NULL),(6,'Pruebas','Prueba de departamento nuevo'),(7,'Pruebas','Prueba de departamento nuevo'),(8,'Informática','Mola un montón');
/*!40000 ALTER TABLE `departamentos` ENABLE KEYS */;
UNLOCK TABLES;

--
-- Table structure for table `facturas`
--

DROP TABLE IF EXISTS `facturas`;
/*!40101 SET @saved_cs_client     = @@character_set_client */;
/*!50503 SET character_set_client = utf8mb4 */;
CREATE TABLE `facturas` (
  `id` bigint NOT NULL AUTO_INCREMENT,
  `codigo` char(8) COLLATE utf8mb4_general_ci NOT NULL,
  `fecha` date NOT NULL,
  `clientes_id` bigint NOT NULL,
  PRIMARY KEY (`id`),
  UNIQUE KEY `codigo_UNIQUE` (`codigo`),
  KEY `fk_facturas_clientes1_idx` (`clientes_id`),
  CONSTRAINT `fk_facturas_clientes1` FOREIGN KEY (`clientes_id`) REFERENCES `clientes` (`id`)
) ENGINE=InnoDB DEFAULT CHARSET=utf8mb4 COLLATE=utf8mb4_general_ci;
/*!40101 SET character_set_client = @saved_cs_client */;

--
-- Dumping data for table `facturas`
--

LOCK TABLES `facturas` WRITE;
/*!40000 ALTER TABLE `facturas` DISABLE KEYS */;
/*!40000 ALTER TABLE `facturas` ENABLE KEYS */;
UNLOCK TABLES;

--
-- Temporary view structure for view `facturas_completas`
--

DROP TABLE IF EXISTS `facturas_completas`;
/*!50001 DROP VIEW IF EXISTS `facturas_completas`*/;
SET @saved_cs_client     = @@character_set_client;
/*!50503 SET character_set_client = utf8mb4 */;
/*!50001 CREATE VIEW `facturas_completas` AS SELECT 
 1 AS `id_cliente`,
 1 AS `nombre_cliente`,
 1 AS `apellidos`,
 1 AS `cif`,
 1 AS `fecha_nacimiento`,
 1 AS `id_factura`,
 1 AS `codigo`,
 1 AS `fecha`,
 1 AS `cantidad`,
 1 AS `id_producto`,
 1 AS `nombre_producto`,
 1 AS `descripcion`,
 1 AS `url_imagen`,
 1 AS `precio`,
 1 AS `descuento`,
 1 AS `unidad_medida`,
 1 AS `precio_unidad_medida`,
 1 AS `stock`,
 1 AS `departamentos_id`*/;
SET character_set_client = @saved_cs_client;

--
-- Table structure for table `facturas_has_productos`
--

DROP TABLE IF EXISTS `facturas_has_productos`;
/*!40101 SET @saved_cs_client     = @@character_set_client */;
/*!50503 SET character_set_client = utf8mb4 */;
CREATE TABLE `facturas_has_productos` (
  `facturas_id` bigint NOT NULL,
  `productos_id` bigint NOT NULL,
  `cantidad` int DEFAULT '1',
  PRIMARY KEY (`facturas_id`,`productos_id`),
  KEY `fk_facturas_has_productos_productos1_idx` (`productos_id`),
  KEY `fk_facturas_has_productos_facturas1_idx` (`facturas_id`),
  CONSTRAINT `fk_facturas_has_productos_facturas1` FOREIGN KEY (`facturas_id`) REFERENCES `facturas` (`id`),
  CONSTRAINT `fk_facturas_has_productos_productos1` FOREIGN KEY (`productos_id`) REFERENCES `productos` (`id`)
) ENGINE=InnoDB DEFAULT CHARSET=utf8mb4 COLLATE=utf8mb4_general_ci;
/*!40101 SET character_set_client = @saved_cs_client */;

--
-- Dumping data for table `facturas_has_productos`
--

LOCK TABLES `facturas_has_productos` WRITE;
/*!40000 ALTER TABLE `facturas_has_productos` DISABLE KEYS */;
/*!40000 ALTER TABLE `facturas_has_productos` ENABLE KEYS */;
UNLOCK TABLES;

--
-- Table structure for table `historicos`
--

DROP TABLE IF EXISTS `historicos`;
/*!40101 SET @saved_cs_client     = @@character_set_client */;
/*!50503 SET character_set_client = utf8mb4 */;
CREATE TABLE `historicos` (
  `id` int NOT NULL AUTO_INCREMENT,
  `tabla` varchar(45) COLLATE utf8mb4_general_ci NOT NULL,
  `mensaje` varchar(256) COLLATE utf8mb4_general_ci NOT NULL,
  `fecha` datetime NOT NULL DEFAULT CURRENT_TIMESTAMP,
  PRIMARY KEY (`id`)
) ENGINE=InnoDB AUTO_INCREMENT=3 DEFAULT CHARSET=utf8mb4 COLLATE=utf8mb4_general_ci;
/*!40101 SET character_set_client = @saved_cs_client */;

--
-- Dumping data for table `historicos`
--

LOCK TABLES `historicos` WRITE;
/*!40000 ALTER TABLE `historicos` DISABLE KEYS */;
INSERT INTO `historicos` VALUES (1,'clientes','Se ha insertado un cliente nuevo','2021-01-13 09:54:10'),(2,'clientes','Nuevo cliente: Juan Juanes','2021-01-13 09:57:19');
/*!40000 ALTER TABLE `historicos` ENABLE KEYS */;
UNLOCK TABLES;

--
-- Table structure for table `movimientos`
--

DROP TABLE IF EXISTS `movimientos`;
/*!40101 SET @saved_cs_client     = @@character_set_client */;
/*!50503 SET character_set_client = utf8mb4 */;
CREATE TABLE `movimientos` (
  `id` int NOT NULL AUTO_INCREMENT,
  `importe` decimal(12,2) NOT NULL,
  `clientes_id` bigint NOT NULL,
  PRIMARY KEY (`id`),
  KEY `fk_cuentas_clientes1_idx` (`clientes_id`),
  CONSTRAINT `fk_cuentas_clientes1` FOREIGN KEY (`clientes_id`) REFERENCES `clientes` (`id`)
) ENGINE=InnoDB AUTO_INCREMENT=17 DEFAULT CHARSET=utf8mb4 COLLATE=utf8mb4_0900_ai_ci;
/*!40101 SET character_set_client = @saved_cs_client */;

--
-- Dumping data for table `movimientos`
--

LOCK TABLES `movimientos` WRITE;
/*!40000 ALTER TABLE `movimientos` DISABLE KEYS */;
INSERT INTO `movimientos` VALUES (4,500.00,1),(5,300.00,2),(6,-100.00,2),(7,-123.00,1),(8,123.00,2),(9,-67.00,1),(15,-21.00,1),(16,21.00,2);
/*!40000 ALTER TABLE `movimientos` ENABLE KEYS */;
UNLOCK TABLES;

--
-- Table structure for table `productos`
--

DROP TABLE IF EXISTS `productos`;
/*!40101 SET @saved_cs_client     = @@character_set_client */;
/*!50503 SET character_set_client = utf8mb4 */;
CREATE TABLE `productos` (
  `id` bigint NOT NULL AUTO_INCREMENT,
  `nombre` varchar(150) COLLATE utf8mb4_general_ci NOT NULL,
  `descripcion` text COLLATE utf8mb4_general_ci,
  `url_imagen` varchar(45) COLLATE utf8mb4_general_ci DEFAULT NULL,
  `precio` decimal(20,2) NOT NULL,
  `descuento` int DEFAULT NULL,
  `unidad_medida` varchar(45) COLLATE utf8mb4_general_ci DEFAULT NULL,
  `precio_unidad_medida` decimal(20,2) DEFAULT NULL,
  `cantidad` int DEFAULT NULL,
  `departamentos_id` int NOT NULL,
  `activo` tinyint NOT NULL DEFAULT '1',
  PRIMARY KEY (`id`),
  KEY `fk_productos_departamentos1_idx` (`departamentos_id`),
  CONSTRAINT `fk_productos_departamentos1` FOREIGN KEY (`departamentos_id`) REFERENCES `departamentos` (`id`)
) ENGINE=InnoDB AUTO_INCREMENT=7 DEFAULT CHARSET=utf8mb4 COLLATE=utf8mb4_general_ci;
/*!40101 SET character_set_client = @saved_cs_client */;

--
-- Dumping data for table `productos`
--

LOCK TABLES `productos` WRITE;
/*!40000 ALTER TABLE `productos` DISABLE KEYS */;
INSERT INTO `productos` VALUES (1,'Producto primero','Descripción','tech.jfif',12.34,20,'litros',12.34,1,8,1),(2,'Producto2','Descripcion2',NULL,34.56,27,NULL,NULL,2,1,0),(3,'Producto3',NULL,NULL,67.89,NULL,NULL,NULL,3,2,0),(6,'Viejo','Prueba de descripción','tech (2).jfif',98.93,8,'kg',2.05,6,1,1);
/*!40000 ALTER TABLE `productos` ENABLE KEYS */;
UNLOCK TABLES;

--
-- Temporary view structure for view `productos_departamentos`
--

DROP TABLE IF EXISTS `productos_departamentos`;
/*!50001 DROP VIEW IF EXISTS `productos_departamentos`*/;
SET @saved_cs_client     = @@character_set_client;
/*!50503 SET character_set_client = utf8mb4 */;
/*!50001 CREATE VIEW `productos_departamentos` AS SELECT 
 1 AS `id_producto`,
 1 AS `nombre_producto`,
 1 AS `descripcion_producto`,
 1 AS `url_imagen`,
 1 AS `precio`,
 1 AS `descuento`,
 1 AS `unidad_medida`,
 1 AS `precio_unidad_medida`,
 1 AS `cantidad`,
 1 AS `id_departamento`,
 1 AS `nombre_departamento`,
 1 AS `descripcion_departamento`*/;
SET character_set_client = @saved_cs_client;

--
-- Table structure for table `usuarios`
--

DROP TABLE IF EXISTS `usuarios`;
/*!40101 SET @saved_cs_client     = @@character_set_client */;
/*!50503 SET character_set_client = utf8mb4 */;
CREATE TABLE `usuarios` (
  `id` bigint NOT NULL AUTO_INCREMENT,
  `email` varchar(45) COLLATE utf8mb4_general_ci NOT NULL,
  `password` varchar(45) COLLATE utf8mb4_general_ci NOT NULL,
  `clientes_id` bigint DEFAULT NULL,
  PRIMARY KEY (`id`),
  KEY `fk_usuarios_clientes_idx` (`clientes_id`),
  CONSTRAINT `fk_usuarios_clientes` FOREIGN KEY (`clientes_id`) REFERENCES `clientes` (`id`)
) ENGINE=InnoDB AUTO_INCREMENT=8 DEFAULT CHARSET=utf8mb4 COLLATE=utf8mb4_general_ci;
/*!40101 SET character_set_client = @saved_cs_client */;

--
-- Dumping data for table `usuarios`
--

LOCK TABLES `usuarios` WRITE;
/*!40000 ALTER TABLE `usuarios` DISABLE KEYS */;
INSERT INTO `usuarios` VALUES (1,'javier@lete.com','javier',NULL),(2,'pepe@perez.com','pepe',NULL),(3,'nuevo@nuevez.com','nuevo',NULL),(4,'nuevo2@nuevez.com','nuevo2',NULL),(5,'nuevo3@nuevez.com','nuevo3',NULL),(7,'nuevo3@nuevez.com','nuevo3',NULL);
/*!40000 ALTER TABLE `usuarios` ENABLE KEYS */;
UNLOCK TABLES;

--
-- Dumping events for database 'supermercado'
--

--
-- Dumping routines for database 'supermercado'
--
/*!50003 DROP FUNCTION IF EXISTS `sumar` */;
/*!50003 SET @saved_cs_client      = @@character_set_client */ ;
/*!50003 SET @saved_cs_results     = @@character_set_results */ ;
/*!50003 SET @saved_col_connection = @@collation_connection */ ;
/*!50003 SET character_set_client  = utf8mb4 */ ;
/*!50003 SET character_set_results = utf8mb4 */ ;
/*!50003 SET collation_connection  = utf8mb4_0900_ai_ci */ ;
/*!50003 SET @saved_sql_mode       = @@sql_mode */ ;
/*!50003 SET sql_mode              = 'ONLY_FULL_GROUP_BY,STRICT_TRANS_TABLES,NO_ZERO_IN_DATE,NO_ZERO_DATE,ERROR_FOR_DIVISION_BY_ZERO,NO_ENGINE_SUBSTITUTION' */ ;
DELIMITER ;;
CREATE DEFINER=`root`@`localhost` FUNCTION `sumar`(a INT, b INT) RETURNS int
    DETERMINISTIC
BEGIN
RETURN a+b;
END ;;
DELIMITER ;
/*!50003 SET sql_mode              = @saved_sql_mode */ ;
/*!50003 SET character_set_client  = @saved_cs_client */ ;
/*!50003 SET character_set_results = @saved_cs_results */ ;
/*!50003 SET collation_connection  = @saved_col_connection */ ;
/*!50003 DROP PROCEDURE IF EXISTS `login` */;
/*!50003 SET @saved_cs_client      = @@character_set_client */ ;
/*!50003 SET @saved_cs_results     = @@character_set_results */ ;
/*!50003 SET @saved_col_connection = @@collation_connection */ ;
/*!50003 SET character_set_client  = utf8mb4 */ ;
/*!50003 SET character_set_results = utf8mb4 */ ;
/*!50003 SET collation_connection  = utf8mb4_0900_ai_ci */ ;
/*!50003 SET @saved_sql_mode       = @@sql_mode */ ;
/*!50003 SET sql_mode              = 'ONLY_FULL_GROUP_BY,STRICT_TRANS_TABLES,NO_ZERO_IN_DATE,NO_ZERO_DATE,ERROR_FOR_DIVISION_BY_ZERO,NO_ENGINE_SUBSTITUTION' */ ;
DELIMITER ;;
CREATE DEFINER=`root`@`localhost` PROCEDURE `login`(IN p_email VARCHAR(45), IN p_password VARCHAR(45))
BEGIN
SELECT * FROM usuarios WHERE email = p_email AND password = p_password;
END ;;
DELIMITER ;
/*!50003 SET sql_mode              = @saved_sql_mode */ ;
/*!50003 SET character_set_client  = @saved_cs_client */ ;
/*!50003 SET character_set_results = @saved_cs_results */ ;
/*!50003 SET collation_connection  = @saved_col_connection */ ;
/*!50003 DROP PROCEDURE IF EXISTS `productos_borrar` */;
/*!50003 SET @saved_cs_client      = @@character_set_client */ ;
/*!50003 SET @saved_cs_results     = @@character_set_results */ ;
/*!50003 SET @saved_col_connection = @@collation_connection */ ;
/*!50003 SET character_set_client  = utf8mb4 */ ;
/*!50003 SET character_set_results = utf8mb4 */ ;
/*!50003 SET collation_connection  = utf8mb4_0900_ai_ci */ ;
/*!50003 SET @saved_sql_mode       = @@sql_mode */ ;
/*!50003 SET sql_mode              = 'ONLY_FULL_GROUP_BY,STRICT_TRANS_TABLES,NO_ZERO_IN_DATE,NO_ZERO_DATE,ERROR_FOR_DIVISION_BY_ZERO,NO_ENGINE_SUBSTITUTION' */ ;
DELIMITER ;;
CREATE DEFINER=`root`@`localhost` PROCEDURE `productos_borrar`(p_id INT)
BEGIN
UPDATE productos SET activo = 0 WHERE id = p_id;
END ;;
DELIMITER ;
/*!50003 SET sql_mode              = @saved_sql_mode */ ;
/*!50003 SET character_set_client  = @saved_cs_client */ ;
/*!50003 SET character_set_results = @saved_cs_results */ ;
/*!50003 SET collation_connection  = @saved_col_connection */ ;
/*!50003 DROP PROCEDURE IF EXISTS `productos_insertar` */;
/*!50003 SET @saved_cs_client      = @@character_set_client */ ;
/*!50003 SET @saved_cs_results     = @@character_set_results */ ;
/*!50003 SET @saved_col_connection = @@collation_connection */ ;
/*!50003 SET character_set_client  = utf8mb4 */ ;
/*!50003 SET character_set_results = utf8mb4 */ ;
/*!50003 SET collation_connection  = utf8mb4_0900_ai_ci */ ;
/*!50003 SET @saved_sql_mode       = @@sql_mode */ ;
/*!50003 SET sql_mode              = 'ONLY_FULL_GROUP_BY,STRICT_TRANS_TABLES,NO_ZERO_IN_DATE,NO_ZERO_DATE,ERROR_FOR_DIVISION_BY_ZERO,NO_ENGINE_SUBSTITUTION' */ ;
DELIMITER ;;
CREATE DEFINER=`root`@`localhost` PROCEDURE `productos_insertar`(p_nombre VARCHAR(150), p_descripcion TEXT(1000), p_url_imagen VARCHAR(45), p_precio DECIMAL(20,2), p_descuento INT, p_unidad_medida VARCHAR(45), p_precio_unidad_medida DECIMAL(20,2), p_cantidad INT, p_departamentos_id INT)
BEGIN
INSERT INTO productos 
	(nombre, descripcion, url_imagen, precio, descuento, unidad_medida, precio_unidad_medida, cantidad, departamentos_id) 
    VALUES 
	(p_nombre, p_descripcion, p_url_imagen, p_precio, p_descuento, p_unidad_medida, p_precio_unidad_medida, p_cantidad, p_departamentos_id) ;
END ;;
DELIMITER ;
/*!50003 SET sql_mode              = @saved_sql_mode */ ;
/*!50003 SET character_set_client  = @saved_cs_client */ ;
/*!50003 SET character_set_results = @saved_cs_results */ ;
/*!50003 SET collation_connection  = @saved_col_connection */ ;
/*!50003 DROP PROCEDURE IF EXISTS `productos_modificar` */;
/*!50003 SET @saved_cs_client      = @@character_set_client */ ;
/*!50003 SET @saved_cs_results     = @@character_set_results */ ;
/*!50003 SET @saved_col_connection = @@collation_connection */ ;
/*!50003 SET character_set_client  = utf8mb4 */ ;
/*!50003 SET character_set_results = utf8mb4 */ ;
/*!50003 SET collation_connection  = utf8mb4_0900_ai_ci */ ;
/*!50003 SET @saved_sql_mode       = @@sql_mode */ ;
/*!50003 SET sql_mode              = 'ONLY_FULL_GROUP_BY,STRICT_TRANS_TABLES,NO_ZERO_IN_DATE,NO_ZERO_DATE,ERROR_FOR_DIVISION_BY_ZERO,NO_ENGINE_SUBSTITUTION' */ ;
DELIMITER ;;
CREATE DEFINER=`root`@`localhost` PROCEDURE `productos_modificar`(p_nombre VARCHAR(150), p_descripcion TEXT(1000), p_url_imagen VARCHAR(45), p_precio DECIMAL(20,2), p_descuento INT, p_unidad_medida VARCHAR(45), p_precio_unidad_medida DECIMAL(20,2), p_cantidad INT, p_departamentos_id INT, p_id INT)
BEGIN
UPDATE productos 
SET nombre = p_nombre, descripcion = p_descripcion, url_imagen = p_url_imagen, precio = p_precio, descuento = p_descuento, 
	unidad_medida = p_unidad_medida, precio_unidad_medida = p_precio_unidad_medida, cantidad = p_cantidad, 
    departamentos_id = p_departamentos_id WHERE id = p_id;
END ;;
DELIMITER ;
/*!50003 SET sql_mode              = @saved_sql_mode */ ;
/*!50003 SET character_set_client  = @saved_cs_client */ ;
/*!50003 SET character_set_results = @saved_cs_results */ ;
/*!50003 SET collation_connection  = @saved_col_connection */ ;
/*!50003 DROP PROCEDURE IF EXISTS `productos_obtener_borrados` */;
/*!50003 SET @saved_cs_client      = @@character_set_client */ ;
/*!50003 SET @saved_cs_results     = @@character_set_results */ ;
/*!50003 SET @saved_col_connection = @@collation_connection */ ;
/*!50003 SET character_set_client  = utf8mb4 */ ;
/*!50003 SET character_set_results = utf8mb4 */ ;
/*!50003 SET collation_connection  = utf8mb4_0900_ai_ci */ ;
/*!50003 SET @saved_sql_mode       = @@sql_mode */ ;
/*!50003 SET sql_mode              = 'ONLY_FULL_GROUP_BY,STRICT_TRANS_TABLES,NO_ZERO_IN_DATE,NO_ZERO_DATE,ERROR_FOR_DIVISION_BY_ZERO,NO_ENGINE_SUBSTITUTION' */ ;
DELIMITER ;;
CREATE DEFINER=`root`@`localhost` PROCEDURE `productos_obtener_borrados`()
BEGIN
SELECT * FROM productos p JOIN departamentos d ON p.departamentos_id = d.id WHERE p.activo = 0;
END ;;
DELIMITER ;
/*!50003 SET sql_mode              = @saved_sql_mode */ ;
/*!50003 SET character_set_client  = @saved_cs_client */ ;
/*!50003 SET character_set_results = @saved_cs_results */ ;
/*!50003 SET collation_connection  = @saved_col_connection */ ;
/*!50003 DROP PROCEDURE IF EXISTS `productos_obtener_por_id` */;
/*!50003 SET @saved_cs_client      = @@character_set_client */ ;
/*!50003 SET @saved_cs_results     = @@character_set_results */ ;
/*!50003 SET @saved_col_connection = @@collation_connection */ ;
/*!50003 SET character_set_client  = utf8mb4 */ ;
/*!50003 SET character_set_results = utf8mb4 */ ;
/*!50003 SET collation_connection  = utf8mb4_0900_ai_ci */ ;
/*!50003 SET @saved_sql_mode       = @@sql_mode */ ;
/*!50003 SET sql_mode              = 'ONLY_FULL_GROUP_BY,STRICT_TRANS_TABLES,NO_ZERO_IN_DATE,NO_ZERO_DATE,ERROR_FOR_DIVISION_BY_ZERO,NO_ENGINE_SUBSTITUTION' */ ;
DELIMITER ;;
CREATE DEFINER=`root`@`localhost` PROCEDURE `productos_obtener_por_id`(p_id INT)
BEGIN
SELECT * FROM productos p JOIN departamentos d ON p.departamentos_id = d.id WHERE p.id = p_id AND p.activo = 1;
END ;;
DELIMITER ;
/*!50003 SET sql_mode              = @saved_sql_mode */ ;
/*!50003 SET character_set_client  = @saved_cs_client */ ;
/*!50003 SET character_set_results = @saved_cs_results */ ;
/*!50003 SET collation_connection  = @saved_col_connection */ ;
/*!50003 DROP PROCEDURE IF EXISTS `productos_obtener_todos` */;
/*!50003 SET @saved_cs_client      = @@character_set_client */ ;
/*!50003 SET @saved_cs_results     = @@character_set_results */ ;
/*!50003 SET @saved_col_connection = @@collation_connection */ ;
/*!50003 SET character_set_client  = utf8mb4 */ ;
/*!50003 SET character_set_results = utf8mb4 */ ;
/*!50003 SET collation_connection  = utf8mb4_0900_ai_ci */ ;
/*!50003 SET @saved_sql_mode       = @@sql_mode */ ;
/*!50003 SET sql_mode              = 'ONLY_FULL_GROUP_BY,STRICT_TRANS_TABLES,NO_ZERO_IN_DATE,NO_ZERO_DATE,ERROR_FOR_DIVISION_BY_ZERO,NO_ENGINE_SUBSTITUTION' */ ;
DELIMITER ;;
CREATE DEFINER=`root`@`localhost` PROCEDURE `productos_obtener_todos`()
BEGIN
SELECT * FROM productos p JOIN departamentos d ON p.departamentos_id = d.id WHERE p.activo = 1;
END ;;
DELIMITER ;
/*!50003 SET sql_mode              = @saved_sql_mode */ ;
/*!50003 SET character_set_client  = @saved_cs_client */ ;
/*!50003 SET character_set_results = @saved_cs_results */ ;
/*!50003 SET collation_connection  = @saved_col_connection */ ;
/*!50003 DROP PROCEDURE IF EXISTS `productos_recuperar` */;
/*!50003 SET @saved_cs_client      = @@character_set_client */ ;
/*!50003 SET @saved_cs_results     = @@character_set_results */ ;
/*!50003 SET @saved_col_connection = @@collation_connection */ ;
/*!50003 SET character_set_client  = utf8mb4 */ ;
/*!50003 SET character_set_results = utf8mb4 */ ;
/*!50003 SET collation_connection  = utf8mb4_0900_ai_ci */ ;
/*!50003 SET @saved_sql_mode       = @@sql_mode */ ;
/*!50003 SET sql_mode              = 'ONLY_FULL_GROUP_BY,STRICT_TRANS_TABLES,NO_ZERO_IN_DATE,NO_ZERO_DATE,ERROR_FOR_DIVISION_BY_ZERO,NO_ENGINE_SUBSTITUTION' */ ;
DELIMITER ;;
CREATE DEFINER=`root`@`localhost` PROCEDURE `productos_recuperar`(p_id INT)
BEGIN
UPDATE productos SET activo = 1 WHERE id = p_id;
END ;;
DELIMITER ;
/*!50003 SET sql_mode              = @saved_sql_mode */ ;
/*!50003 SET character_set_client  = @saved_cs_client */ ;
/*!50003 SET character_set_results = @saved_cs_results */ ;
/*!50003 SET collation_connection  = @saved_col_connection */ ;
/*!50003 DROP PROCEDURE IF EXISTS `sumar` */;
/*!50003 SET @saved_cs_client      = @@character_set_client */ ;
/*!50003 SET @saved_cs_results     = @@character_set_results */ ;
/*!50003 SET @saved_col_connection = @@collation_connection */ ;
/*!50003 SET character_set_client  = utf8mb4 */ ;
/*!50003 SET character_set_results = utf8mb4 */ ;
/*!50003 SET collation_connection  = utf8mb4_0900_ai_ci */ ;
/*!50003 SET @saved_sql_mode       = @@sql_mode */ ;
/*!50003 SET sql_mode              = 'ONLY_FULL_GROUP_BY,STRICT_TRANS_TABLES,NO_ZERO_IN_DATE,NO_ZERO_DATE,ERROR_FOR_DIVISION_BY_ZERO,NO_ENGINE_SUBSTITUTION' */ ;
DELIMITER ;;
CREATE DEFINER=`root`@`localhost` PROCEDURE `sumar`(a INT, b INT)
BEGIN
SELECT CONCAT(a, ' mas ', b, ' es ', a + b);
END ;;
DELIMITER ;
/*!50003 SET sql_mode              = @saved_sql_mode */ ;
/*!50003 SET character_set_client  = @saved_cs_client */ ;
/*!50003 SET character_set_results = @saved_cs_results */ ;
/*!50003 SET collation_connection  = @saved_col_connection */ ;
/*!50003 DROP PROCEDURE IF EXISTS `transferencia` */;
/*!50003 SET @saved_cs_client      = @@character_set_client */ ;
/*!50003 SET @saved_cs_results     = @@character_set_results */ ;
/*!50003 SET @saved_col_connection = @@collation_connection */ ;
/*!50003 SET character_set_client  = utf8mb4 */ ;
/*!50003 SET character_set_results = utf8mb4 */ ;
/*!50003 SET collation_connection  = utf8mb4_0900_ai_ci */ ;
/*!50003 SET @saved_sql_mode       = @@sql_mode */ ;
/*!50003 SET sql_mode              = 'ONLY_FULL_GROUP_BY,STRICT_TRANS_TABLES,NO_ZERO_IN_DATE,NO_ZERO_DATE,ERROR_FOR_DIVISION_BY_ZERO,NO_ENGINE_SUBSTITUTION' */ ;
DELIMITER ;;
CREATE DEFINER=`root`@`localhost` PROCEDURE `transferencia`(IN cliente_origen INT, IN cliente_destino INT, IN importe DECIMAL(12,2))
BEGIN

DECLARE EXIT HANDLER FOR sqlexception
BEGIN
	ROLLBACK;
END;

START TRANSACTION;
INSERT INTO movimientos (clientes_id, importe) VALUES (cliente_origen, -importe);
INSERT INTO movimientos (clientes_id, importe) VALUES (cliente_destino, importe);
COMMIT;
END ;;
DELIMITER ;
/*!50003 SET sql_mode              = @saved_sql_mode */ ;
/*!50003 SET character_set_client  = @saved_cs_client */ ;
/*!50003 SET character_set_results = @saved_cs_results */ ;
/*!50003 SET collation_connection  = @saved_col_connection */ ;
/*!50003 DROP PROCEDURE IF EXISTS `verificar_login` */;
/*!50003 SET @saved_cs_client      = @@character_set_client */ ;
/*!50003 SET @saved_cs_results     = @@character_set_results */ ;
/*!50003 SET @saved_col_connection = @@collation_connection */ ;
/*!50003 SET character_set_client  = utf8mb4 */ ;
/*!50003 SET character_set_results = utf8mb4 */ ;
/*!50003 SET collation_connection  = utf8mb4_0900_ai_ci */ ;
/*!50003 SET @saved_sql_mode       = @@sql_mode */ ;
/*!50003 SET sql_mode              = 'ONLY_FULL_GROUP_BY,STRICT_TRANS_TABLES,NO_ZERO_IN_DATE,NO_ZERO_DATE,ERROR_FOR_DIVISION_BY_ZERO,NO_ENGINE_SUBSTITUTION' */ ;
DELIMITER ;;
CREATE DEFINER=`root`@`localhost` PROCEDURE `verificar_login`(IN p_email VARCHAR(45), IN p_password VARCHAR(45), OUT valido BOOLEAN)
BEGIN

DECLARE num INT;

SELECT COUNT(*) FROM usuarios WHERE email = p_email AND password = p_password INTO num;

IF num = 1 THEN
	SET valido = TRUE;
ELSE
	SET valido = FALSE;
END IF;

END ;;
DELIMITER ;
/*!50003 SET sql_mode              = @saved_sql_mode */ ;
/*!50003 SET character_set_client  = @saved_cs_client */ ;
/*!50003 SET character_set_results = @saved_cs_results */ ;
/*!50003 SET collation_connection  = @saved_col_connection */ ;

--
-- Final view structure for view `facturas_completas`
--

/*!50001 DROP VIEW IF EXISTS `facturas_completas`*/;
/*!50001 SET @saved_cs_client          = @@character_set_client */;
/*!50001 SET @saved_cs_results         = @@character_set_results */;
/*!50001 SET @saved_col_connection     = @@collation_connection */;
/*!50001 SET character_set_client      = utf8mb4 */;
/*!50001 SET character_set_results     = utf8mb4 */;
/*!50001 SET collation_connection      = utf8mb4_0900_ai_ci */;
/*!50001 CREATE ALGORITHM=UNDEFINED */
/*!50013 DEFINER=`root`@`localhost` SQL SECURITY DEFINER */
/*!50001 VIEW `facturas_completas` AS select `c`.`id` AS `id_cliente`,`c`.`nombre` AS `nombre_cliente`,`c`.`apellidos` AS `apellidos`,`c`.`cif` AS `cif`,`c`.`fecha_nacimiento` AS `fecha_nacimiento`,`f`.`id` AS `id_factura`,`f`.`codigo` AS `codigo`,`f`.`fecha` AS `fecha`,`fp`.`cantidad` AS `cantidad`,`p`.`id` AS `id_producto`,`p`.`nombre` AS `nombre_producto`,`p`.`descripcion` AS `descripcion`,`p`.`url_imagen` AS `url_imagen`,`p`.`precio` AS `precio`,`p`.`descuento` AS `descuento`,`p`.`unidad_medida` AS `unidad_medida`,`p`.`precio_unidad_medida` AS `precio_unidad_medida`,`p`.`cantidad` AS `stock`,`p`.`departamentos_id` AS `departamentos_id` from (((`clientes` `c` join `facturas` `f` on((`c`.`id` = `f`.`clientes_id`))) join `facturas_has_productos` `fp` on((`f`.`id` = `fp`.`facturas_id`))) join `productos` `p` on((`fp`.`productos_id` = `p`.`id`))) */;
/*!50001 SET character_set_client      = @saved_cs_client */;
/*!50001 SET character_set_results     = @saved_cs_results */;
/*!50001 SET collation_connection      = @saved_col_connection */;

--
-- Final view structure for view `productos_departamentos`
--

/*!50001 DROP VIEW IF EXISTS `productos_departamentos`*/;
/*!50001 SET @saved_cs_client          = @@character_set_client */;
/*!50001 SET @saved_cs_results         = @@character_set_results */;
/*!50001 SET @saved_col_connection     = @@collation_connection */;
/*!50001 SET character_set_client      = utf8mb4 */;
/*!50001 SET character_set_results     = utf8mb4 */;
/*!50001 SET collation_connection      = utf8mb4_0900_ai_ci */;
/*!50001 CREATE ALGORITHM=UNDEFINED */
/*!50013 DEFINER=`root`@`localhost` SQL SECURITY DEFINER */
/*!50001 VIEW `productos_departamentos` AS select `p`.`id` AS `id_producto`,`p`.`nombre` AS `nombre_producto`,`p`.`descripcion` AS `descripcion_producto`,`p`.`url_imagen` AS `url_imagen`,`p`.`precio` AS `precio`,`p`.`descuento` AS `descuento`,`p`.`unidad_medida` AS `unidad_medida`,`p`.`precio_unidad_medida` AS `precio_unidad_medida`,`p`.`cantidad` AS `cantidad`,`d`.`id` AS `id_departamento`,`d`.`nombre` AS `nombre_departamento`,`d`.`descripcion` AS `descripcion_departamento` from (`productos` `p` join `departamentos` `d` on((`p`.`departamentos_id` = `d`.`id`))) */;
/*!50001 SET character_set_client      = @saved_cs_client */;
/*!50001 SET character_set_results     = @saved_cs_results */;
/*!50001 SET collation_connection      = @saved_col_connection */;
/*!40103 SET TIME_ZONE=@OLD_TIME_ZONE */;

/*!40101 SET SQL_MODE=@OLD_SQL_MODE */;
/*!40014 SET FOREIGN_KEY_CHECKS=@OLD_FOREIGN_KEY_CHECKS */;
/*!40014 SET UNIQUE_CHECKS=@OLD_UNIQUE_CHECKS */;
/*!40101 SET CHARACTER_SET_CLIENT=@OLD_CHARACTER_SET_CLIENT */;
/*!40101 SET CHARACTER_SET_RESULTS=@OLD_CHARACTER_SET_RESULTS */;
/*!40101 SET COLLATION_CONNECTION=@OLD_COLLATION_CONNECTION */;
/*!40111 SET SQL_NOTES=@OLD_SQL_NOTES */;

-- Dump completed on 2021-01-15 11:02:49
